{"status":"success","duration":350.6,"waveform_peaks":[[-0.8985338089923043,0.8985338089923043],[-0.9056975226645319,0.9056975226645319],[-0.9095811005621722,0.9095811005621722],[-0.909155774234196,0.909155774234196],[-0.9093111112508734,0.9093111112508734]],"peaks":[[-0.8985338089923043,0.8985338089923043],[-0.9056975226645319,0.9056975226645319],[-0.9095811005621722,0.9095811005621722],[-0.909155774234196,0.909155774234196],[-0.9093111112508734,0.9093111112508734]],"metadata":{"processing_time_ms":54,"file_size_mb":8.024643898010254,"peaks_count":5,"worker_version":"1.0.0","environment":"production"}}